name,barcode,price,weight,category,date
Sunlight Original Dishwashing Liquid 750 ml,6001087358743,36.99,0.75,Cleaning,29-05-2023
Domestos Lavender Multipurpose Blast Thick Bleach 750 ml,6001085120229,39.99,0.75,Cleaning,29-05-2023
Handy Andy Lemon Multi Purpose Cleaning Cream 750 ml,6001087006057,33.99,0.75,Cleaning,29-05-2023
Sunlight Refill Dishwash Liquid 750 ml,6001087003490,29.99,0.75,Cleaning,29-05-2023
Domestos Lemon Fresh Multipurpose Thick Bleach 750 ml,6001085010469,39.99,0.75,Cleaning,29-05-2023
Domestos Summer Fresh Multipurpose Thick Bleach 750 ml,6001085116956,39.99,0.75,Cleaning,29-05-2023
Skip Anti-Ageing Auto Washing Powder 2 kg,6001085126757,99.99,2.0,Cleaning,29-05-2023
Handy Andy Multi Purpose Cleaning Cream 750 ml,6001087006095,33.99,0.75,Cleaning,29-05-2023
OMO Auto Washing Powder 2 kg,6001085126733,98.99,2.0,Cleaning,29-05-2023
Domestos White and Shine Multipurpose Thick Bleach 750 ml,6001087365109,39.99,0.75,Cleaning,29-05-2023
Sta-Soft Hypo-Allergenic Baby Fabric Softener Refill 500 ml,6001067021551,49.99,0.5,Cleaning,29-05-2023
Ariel Auto Concentrated Washing Liquid 1.5 L,4015600540173,114.99,5.0,Cleaning,29-05-2023
Ariel Auto Washing Powder 2 kg,5410076593835,114.99,2.0,Cleaning,29-05-2023
Skip Anti-Ageing Auto Washing Liquid 1.5 L,6001087365932,99.99,5.0,Cleaning,29-05-2023
Sunlight Original Dishwashing Liquid 400 ml,6001085017598,24.99,0.4,Cleaning,29-05-2023
W.Lab 3 in 1 Zesty Lime Dishwash Liquid 750 ml,20003784,34.99,0.75,Cleaning,29-05-2023
Duck 5-in1 Lavender Advanced Toilet Cleaner 500 ml,6001298043605,28.99,1.0,Cleaning,29-05-2023
Sta-Soft Spring Fresh Fabric Softener Refill 500 ml,6001067004554,49.99,0.5,Cleaning,29-05-2023
Omo Auto Laundry Liquid 1.5 L,6001087356312,98.99,5.0,Cleaning,29-05-2023
Mr Min Lavender Multi Surface Cleaner 400 ml,6001106120689,64.99,0.4,Cleaning,29-05-2023
3-in-1 Spicy Citrus Anti-Bacterial Tile Cleaner 750 ml,6009000716137,49.99,0.75,Cleaning,29-05-2023
Vanish Stain Remover Laundry Detergent 500 ml,6001106111540,89.99,0.5,Cleaning,29-05-2023
Jik Lemon Fresh 1.5 L,6001106101336,42.99,5.0,Cleaning,29-05-2023
Mr Muscle Mountain Fresh Tile Cleaner 750 ml,6001298070090,49.99,0.75,Cleaning,29-05-2023
3 in 1 Anti-Bacterial Lemon Thick Bleach 750 ml,6009000033357,34.99,0.75,Cleaning,29-05-2023
Omo Auto Laundry Washing Powder 2 kg,6001087365437,98.99,2.0,Cleaning,29-05-2023
W.Lab 3 in 1 Citrus Anti-Bacterial Dishwash Liquid 750 ml,20138868,34.99,0.75,Cleaning,29-05-2023
Ariel Downy Auto Washing Powder 2 kg,4084500587809,114.99,2.0,Cleaning,29-05-2023
Handy Andy Potpourri Multi Purpose Cleaning Cream 750 ml,6001087008198,33.99,0.75,Cleaning,29-05-2023
Jik Pot Pourri Detergent 1.5 L,6001106107338,42.99,5.0,Cleaning,29-05-2023
Duck in Cistern Blocks Active Clean 3 pk,6001298998585,49.99,,Cleaning,29-05-2023
Sta-Soft Hypo-Allergenic Baby Fabric Softener 2 L,6001067021544,69.99,2.0,Cleaning,29-05-2023
Omo Auto Washing Liquid with A Touch of Comfort 1.5 L,6001087365475,98.99,5.0,Cleaning,29-05-2023
Sta-Soft Aromatherapy Relax Fabric Softener Refill 500 ml,6001067027126,49.99,0.5,Cleaning,29-05-2023
Skip Intelligent Perfect Whites Auto Washing Liquid 1.5 L,6001087375719,99.99,5.0,Cleaning,29-05-2023
Sta-Soft Lavender Fresh Fabric Softener Refill 500 ml,6001067005094,49.99,0.5,Cleaning,29-05-2023
Multi Purpose Wipes 6 pk,6009000349939,29.99,,Cleaning,29-05-2023
Skip Anti-Ageing Auto Washing Powder 3 kg,6001085126436,134.99,3.0,Cleaning,29-05-2023
Ariel with Downy Auto Concentrated Washing Liquid 1.5 L,4084500638471,114.99,5.0,Cleaning,29-05-2023
3 in 1 Spicy Citrus Anti-Bacterial Kitchen Cleaner 500 ml,6009211171060,46.99,0.5,Cleaning,29-05-2023
Mr Muscle 5 in 1 Lemon Kitchen Cleaner 500 ml,6001298070045,47.99,1.0,Cleaning,29-05-2023
Cobra Wooden Floor Cleaner 750 ml,6001106103545,82.99,0.75,Cleaning,29-05-2023
Mr Muscle 5-in-1 Tile Cleaner 750 ml,6001298070120,50.99,0.75,Cleaning,29-05-2023
Windolene 750 ml,6001106117047,49.99,0.75,Cleaning,29-05-2023
Mr Min Regular Multi Surface Cleaner 400 ml,6001106120702,64.99,0.4,Cleaning,29-05-2023
Sta-Soft Aromatherapy Passion Fabric Softener Refill 500 ml,6001067027119,49.99,0.5,Cleaning,29-05-2023
Mr Min Wood Polish 300 ml,6001106224301,49.99,0.3,Cleaning,29-05-2023
Cobra Active Lavender Garden Tile Cleaner 750 ml,6001106110741,48.99,0.75,Cleaning,29-05-2023
W.Lab 3 in 1 Pink Grapefruit Dishwash Liquid 750 ml,6001009020093,34.99,0.75,Cleaning,29-05-2023
Sta-Soft Summer Radiance Fabric Softener Refill 500 ml,6001067007203,49.99,0.5,Cleaning,29-05-2023
Ariel 3-in-1 Automatic Washing Pods 14 x 27 g,8001090909183,114.99,0.38,Cleaning,29-05-2023
Sta-Soft Spring Fresh Fabric Softener 2 L,6001067093695,69.99,2.0,Cleaning,29-05-2023
Sunlight Laundry Soap 500 g,6001085041210,22.99,0.5,Cleaning,29-05-2023
Mr Min Pot Pourri Multi Surface Cleaner 400 ml,6001106120672,64.99,0.4,Cleaning,29-05-2023
Skip Intelligent Perfect Darks Auto Washing Liquid 1.5 L,6001087375733,99.99,5.0,Cleaning,29-05-2023
Vanish Power O2 Fabric Stain Remover 1 kg,6001106110222,209.99,1.0,Cleaning,29-05-2023
Sunlight 2 in 1 Auto Washing Powder 2 kg,6001087004695,76.99,2.0,Cleaning,29-05-2023
Finish All in 1 Max Shine and Protect 56 Tabs,6001106128050,259.99,,Cleaning,29-05-2023
Sunlight Extra Nature Dishwashing Liquid 750 ml,6001087375498,42.99,0.75,Cleaning,29-05-2023
Windolene Refill Window Cleaner 750 ml,6001106117054,45.99,0.75,Cleaning,29-05-2023
Anti-Bacterial All Purpose Scouring Sponges 2 pk,6009171811419,29.99,,Cleaning,29-05-2023
W.Lab 3-in-1 Valley Breeze Fabric Softener Refill 500 ml,6009000033708,36.99,0.5,Cleaning,29-05-2023
Omo Auto Washing Powder 3 kg,6001085126429,134.99,3.0,Cleaning,29-05-2023
W.Lab 3-in-1 Hypo-Allergenic Fragranced Fabric Softener Refill 500 ml,6009184118802,34.99,0.5,Cleaning,29-05-2023
Vanish Liquid Fabric Stain Remover 1 L,6001106103149,89.99,1.0,Cleaning,29-05-2023
Mr Muscle Original Shower Shine 750 ml,6001298070021,52.99,0.75,Cleaning,29-05-2023
Comfort Pure Concentrated Fabric Softener Refill for Sensitive Skin 800 ml,6001087352505,47.99,0.8,Cleaning,29-05-2023
W.Lab Ocean Mist 3-in-1 Anti-Bacterial Toilet Cleaner 500 ml,6009000716106,28.99,0.5,Cleaning,29-05-2023
Finish Double Action Dishwasher Detergent Powder 1 kg,6001106101565,104.99,1.0,Cleaning,29-05-2023
Ariel 3-in-1 Automatic Washing Pods 21 x 27 g,4015600632243,159.99,0.57,Cleaning,29-05-2023
OMO Multi Active Hand Washing Powder 2 kg,6001085126573,74.99,2.0,Cleaning,29-05-2023
Jik Regular 1.5 L,6001106107314,42.99,5.0,Cleaning,29-05-2023
Cleen Green Concentrate 2 L,6001296004479,79.99,2.0,Cleaning,29-05-2023
Sunlight Extra Anti Bacterial Dishwashing Liquid 750 ml,6001087375504,42.99,0.75,Cleaning,29-05-2023
Finish Rinse Aid 400 ml,5011417552957,99.99,0.4,Cleaning,29-05-2023
Handy Andy Pink Grapefruit Bathroom Cleaner 500 ml,6001087375511,49.99,0.5,Cleaning,29-05-2023
Medium Rubber Gloves 1 pk,20036607,37.99,,Cleaning,29-05-2023
Microfibre Wash and Scour Cloths 2 pk,6009101555222,29.99,,Cleaning,29-05-2023
Earth Friendly Oven and Braai Cleaner 500 ml,6009214457949,67.99,0.5,Cleaning,29-05-2023
Finish Dishwasher Cleaner 250 ml,5011417548509,99.99,0.25,Cleaning,29-05-2023
Mr Muscle Floor and All Purpose Cleaner 1 L,6001298690076,45.99,1.0,Cleaning,29-05-2023
3 in 1 Spicy Citrus Wood and Laminate Cleaner 750 ml,6009211118164,55.49,0.75,Cleaning,29-05-2023
Earth Friendly Lemongrass Tile Cleaner 750 ml,6009214457963,66.99,0.75,Cleaning,29-05-2023
Vanish Liquid Fabric Stain Remover 500 ml,6001106103200,54.99,0.5,Cleaning,29-05-2023
Anti-Bacterial All-Purpose Cloths 3 pk,6001009030771,29.99,,Cleaning,29-05-2023
3 in 1 Window and Glass Cleaner 750 ml,6009000033463,47.99,0.75,Cleaning,29-05-2023
3 in 1 Anti-Bacterial Lavender Thick Bleach 750 ml,6009000715697,34.99,0.75,Cleaning,29-05-2023
3 in 1 Anti-Bacterial  Mildew Cleaner 500 ml,6009000716113,59.99,0.5,Cleaning,29-05-2023
"W.Lab 3-in-1 Baby, Sensitive and Delicates Fabric Softener 2 L",6009184118796,57.99,2.0,Cleaning,29-05-2023
W.Lab 3 in 1 Auto Dishwasher Rinse Aid 400 ml,6009211118188,84.99,0.4,Cleaning,29-05-2023
Ariel Auto Washing Powder 3 kg,5410076593804,159.99,3.0,Cleaning,29-05-2023
Earth Friendly Cucumber and Jasmine Kitchen Cleaner 500 ml,6009214476179,59.99,0.5,Cleaning,29-05-2023
Sunlight 2 in 1 Hand Washing Powder 1 kg,6001085126375,39.99,1.0,Cleaning,29-05-2023
Mr Muscle Drain Cleaner 500 ml,6001298510060,114.99,0.5,Cleaning,29-05-2023
Earth Friendly Lemongrass Drain Cleaner 750 ml,6009214457956,74.99,0.75,Cleaning,29-05-2023
Mr Muscle Floor and All Purpose Cleaner 1 L,6001298690083,45.99,1.0,Cleaning,29-05-2023
W.Lab 3 in 1 Anti-Bacterial Lavender Toilet Cleaner 500 ml,6009184118932,26.99,0.5,Cleaning,29-05-2023
Finish Powerball All-in-1 Max Auto Dishwasher Tablets 100 pk,6001106225599,389.99,,Cleaning,29-05-2023
Comfort Elegance Concentrated Fabric Softener 800 ml,6001087008051,57.99,0.8,Cleaning,29-05-2023
Comfort Uplifting Concentrated Fabric Softener 800 ml,6001087015271,57.99,0.8,Cleaning,29-05-2023
W.Lab 100 % Cotton Terry Weave Dish Cloths 2 pk,20193973,89.99,,Cleaning,29-05-2023
Earth Friendly Eucalyptus and Black Pepper Toilet Cleaner 750 ml,6009214476148,54.99,0.75,Cleaning,29-05-2023
Breathease™ Shower and Tile Cleaner 500 ml,6009184974095,59.99,0.5,Cleaning,29-05-2023
Earth Friendly Cucumber and Jasmine Tea Dish Wash Liquid 500 ml,6009214476162,59.99,0.5,Cleaning,29-05-2023
Ariel Baby Auto Washing Liquid 1.1 L,8001841386546,114.99,1.0,Cleaning,29-05-2023
Earth Friendly Orange and Olive Oil Furniture Polish 600 ml,6009214457994,99.99,0.6,Cleaning,29-05-2023
Earth Friendly Carpet and Fabric Cleaner 500 ml,6009214457970,66.99,0.5,Cleaning,29-05-2023
Finish Powerball Lemon Sparkle All in 1 Max 24 Tablets,6001106224738,154.99,,Cleaning,29-05-2023
W.Lab 3 in 1 Pre-wash Stain Remover Spray 500 ml,6009000033661,64.99,0.5,Cleaning,29-05-2023
Mr Muscle­ 3 in 1 Oven Cleaner 300 ml,6001298700737,99.99,0.3,Cleaning,29-05-2023
W.Lab 100 % Cotton Terry Weave Dish Swabs 2 pk,20193980,42.99,,Cleaning,29-05-2023
Vanish Power O2 Fabric Stain Remover 500 g,6001106108380,139.99,0.5,Cleaning,29-05-2023
Vanish Power O2 Crystal White 800 g,6001106119430,199.99,0.8,Cleaning,29-05-2023
Sunlight 2 in 1 Hand Washing Powder 2 kg,6001085126696,66.99,2.0,Cleaning,29-05-2023
W.Lab 3-in-1 Valley Breeze Fabric Softener 2 L,6009000033678,57.99,2.0,Cleaning,29-05-2023
Earth Friendly No-Flush Toilet Drops 120 ml,6009214476193,39.99,0.12,Cleaning,29-05-2023
Window and Glass 3 in 1 Cleaner Refill 750 ml,6009211118171,39.59,0.75,Cleaning,29-05-2023
Vanish Preen Stain Remover Laundry Detergent 300 ml,6001106108182,99.99,0.3,Cleaning,29-05-2023
Breathease™ Multi-Purpose Cleaner 500 ml,6009184973937,59.99,0.5,Cleaning,29-05-2023
Bio Crystal Original Auto Dish Wash Powder 1 kg,6004201002522,84.99,1.0,Cleaning,29-05-2023
Earth Friendly Eucalyptus and Black Pepper Bathroom Cleaner 500 ml,6009214476209,59.99,0.5,Cleaning,29-05-2023
Full Circle Tidy Dish Cloths 3 pk,850166002406,64.99,,Cleaning,29-05-2023
Earth Friendly Glass and Window Cleaner 500 ml,6009214457918,54.99,0.5,Cleaning,29-05-2023
Earth Friendly Laminated Wood Floor Cleaner 500 ml,6009214457932,66.99,0.5,Cleaning,29-05-2023
Sunlight 2 in1 Washing Powder 2 kg,6001087006743,76.99,2.0,Cleaning,29-05-2023
Bio Crystal Ruby Grape Fruit Auto Dish Wash Powder 1 kg,6004201002515,84.99,1.0,Cleaning,29-05-2023
W.Lab 3-in-1 Blossom Burst Fabric Softener Refill 500 ml,6009211118225,36.99,0.5,Cleaning,29-05-2023
Finish Powerball All in 1 Max Auto Dishwasher Tablets 24s,6001106224790,154.99,,Cleaning,29-05-2023
Omo Multiactive Hand Washing Powder 1 kg,6001085126542,42.99,1.0,Cleaning,29-05-2023
W.Lab 3-in-1 Blossom Burst Fabric Softener 2 L,6009211171046,57.99,2.0,Cleaning,29-05-2023
Soft Grip Multi-Coloured Pegs 24 pcs,6009184992839,49.99,,Cleaning,29-05-2023
Dual Function Microfibre Cloth 1 pk,6009171621261,29.9,,Cleaning,29-05-2023
Ariel Auto Concentrated Washing Liquid 2 L,4084500835795,159.99,2.0,Cleaning,29-05-2023
W.Lab 3 in 1 Zesty Lime Dishwash Liquid Refill 750 ml,6009211118140,28.99,0.75,Cleaning,29-05-2023
Earth Friendly Cucumber and Jasmine Surface Wipes 50 s,6009214476223,89.99,,Cleaning,29-05-2023
Comfort Pure Concentrated Fabric Softener for Sensitive Skin 800 ml,6001087008082,57.99,0.8,Cleaning,29-05-2023
Earth Friendly All-in-1 Auto Dish Wash Pods 40 pk,6009214458038,259.99,,Cleaning,29-05-2023
Earth Friendly Bleach Alternative Laundry Pods 24 pk,6009173666796,147.99,,Cleaning,29-05-2023
Earth Friendly Fresh and Fruity All-in-1 Laundry Pods 24 pk,6009214458052,139.99,1.0,Cleaning,29-05-2023
Earth Friendly Fragrance Free Laundry Liquid 1.5 L,6009214457987,189.99,5.0,Cleaning,29-05-2023
100% Cotton Waffle Weave Drying Up Cloths 2 pk,6001009030757,89.99,,Cleaning,29-05-2023
Earth Friendly All-in-1 Auto Dish Wash Pods 40 pk,6009214470368,259.99,,Cleaning,29-05-2023
Earth Friendly All-in-1 Laundry Pods 24 pk,6009214458014,147.99,1.0,Cleaning,29-05-2023
Earth Friendly Laundry Liquid 1.5 L,6009214458007,189.99,5.0,Cleaning,29-05-2023
W.Lab 3 in 1 Phosphate Free Auto Laundry Liquid 1.5 L,6009211118096,89.99,5.0,Cleaning,29-05-2023
Kiwi Wax Rich Black Shoe Polish 50 ml,6001298959999,21.99,0.05,Cleaning,29-05-2023
Full Circle Grunge Buster™ Grout and Tile Brush,810119021823,69.99,,Cleaning,29-05-2023
W.Lab Lemon 3 in 1 Thin Bleach 1.5 L,6009207977034,36.99,5.0,Cleaning,29-05-2023
Full Circle Fomo Dish Brush Head Refills 2 pk,810119023216,74.99,,Cleaning,29-05-2023
Full Circle Fomo Foam-Dispensing Dish Brush,810119023179,129.99,,Cleaning,29-05-2023
Kiwi Wax Rich Dark Brown Shoe Polish 50 ml,6001298959982,21.99,0.05,Cleaning,29-05-2023
Kiwi Wax Rich Instant Shoe Polish 75 ml,8998899940489,42.99,0.07,Cleaning,29-05-2023
Full Circle Laid Back 2.0 Replaceable Dish Sponge Refills 2 pk,810119020598,69.99,,Cleaning,29-05-2023
Earth Friendly All-in-1 Baby Laundry Pods 24 pk,6009214458021,147.99,,Cleaning,29-05-2023
Full Circle Laid Back 2.0 Replaceable Dish Sponge,810119020581,94.99,,Cleaning,29-05-2023
Earth Friendly Pre-Soak Cookware Cleaner 15 pk,6009214457901,119.99,,Cleaning,29-05-2023
Full Circle Tiny Team™ Mini Brush and Dustpan Set,810119021373,89.99,,Cleaning,29-05-2023
Full Circle Clean Reach Bottle Brush,810119022516,99.99,,Cleaning,29-05-2023
Full Circle Clean Reach™ Bottle Brush Head Refill,810119022530,49.99,,Cleaning,29-05-2023
Full Circle Crystal Clear 2.0™ Glass Cleaner Refill 2 pk,810119021397,69.99,,Cleaning,29-05-2023
100% Cotton Shaggy Weave Drying Up Cloth 1 pk,6009184118949,69.99,,Cleaning,29-05-2023
Comfort Morning Fresh Concentrated Fabric Softener  800 ml,6001087008068,57.99,0.8,Cleaning,29-05-2023
Mr Muscle Original Bathroom Cleaner 500 ml,6001298070052,47.99,0.5,Cleaning,29-05-2023
Breathease™ 2-in1 Laundry Liquid with Fabric Conditioner 1.5 L,6009223162186,99.99,1.0,Cleaning,29-05-2023
Duck Marine Fresh Discs 6 Disc Refill 1 pk,6001298001087,45.99,,Cleaning,29-05-2023
Finish Powerball Quantum All in 1 Max Lemon Dishwasher Tablets 50 pcs,6001106228583,259.99,,Cleaning,29-05-2023
Sunlight 2 in 1 Summer Sensations Auto Laundry Liquid 1.5 L,6001087358682,76.99,5.0,Cleaning,29-05-2023
Full Circle Squeeze Cellulose Sponge Cloths 3 pk,850166002154,54.99,,Cleaning,29-05-2023
Ariel Anti-Germ Automatic Washing Powder 3 kg,8006540183861,159.99,3.0,Cleaning,29-05-2023
W.Lab 3 in 1 Baby and Sensitive Hypo-Allergenic Auto Laundry Liquid 1.5 L,6009223524502,89.99,5.0,Cleaning,29-05-2023
Earth Friendly Plant Based Coco Scrubber For Pots and Pans 2 pcs,6009223479512,34.99,,Cleaning,29-05-2023
Earth Friendly Bergamot and Bay Leaf Dish Wash 500 ml,6009214476155,59.99,0.5,Cleaning,29-05-2023
Full Circle Micro Manager Detail Brush,810119022882,69.99,,Cleaning,29-05-2023
Earth Friendly Granite and Marble Cleaner 500 ml,6009223010890,59.99,0.5,Cleaning,29-05-2023
Mr Muscle Original Multi Surface Disinfectant 750 ml,6001298002923,52.99,0.75,Cleaning,29-05-2023
Omo Auto Washing Liquid with a Touch of Comfort 2 L,6001087384353,134.99,2.0,Cleaning,29-05-2023
Handy Andy Lavender Multi Purpose Cleaning Cream Refill 750 ml,6001087009799,27.99,0.75,Cleaning,29-05-2023
W.Lab 3 in 1 Auto Dishwasher Powder 1 kg,6009223584520,84.99,1.0,Cleaning,29-05-2023
3-in-1 Ocean Mist Anti-Bacterial Bathroom Cleaner 500 ml,6009223521914,46.99,0.5,Cleaning,29-05-2023
Full Circle Clean Again Extra Absorbent Cleaning Cloths 2 pk,810119020024,69.99,,Cleaning,29-05-2023
Sta-Soft Ocean Fresh Intense Fragrance Ultra Concentrate Fabric Softener 1 l,8718951466784,79.99,,Cleaning,29-05-2023
W.Lab Anti-Bacterial Gentle Scourer 3 pk,6009223668190,34.99,,Cleaning,29-05-2023
Sta-Soft Dream Aromatherapy Fabric Softener Refill 500 ml,8718951541016,49.99,0.5,Cleaning,29-05-2023
Omo Auto Liquid Laundry Detergent 2 L,6001087384322,134.99,2.0,Cleaning,29-05-2023
Dettol Crisp Linen Fragranced Disinfectant Spray 400 ml,6001106228422,79.99,0.4,Cleaning,29-05-2023
Handy Andy Eucalyptus Multi Purpose Cleaning Cream 750 ml,6001087391733,33.99,0.75,Cleaning,29-05-2023
Fairy All In One Lemon Scented Dishwasher Tablets 64 pcs,8001841958521,259.99,,Cleaning,29-05-2023
Duck Active Clean Marine Rimblock 35 g,6001298001759,39.99,0.04,Cleaning,29-05-2023
Comfort Elegance Concentrated Fabric Softener Refill 800 ml,6001087352475,47.99,0.8,Cleaning,29-05-2023
Duck Extra Power Marine Foaming Bleach Gel Toilet Cleaner 500 ml,6001298701697,35.99,0.5,Cleaning,29-05-2023
Fairy Premium Plus Lemon Scented Dishwasher Tablets 14 pcs,4902430925891,99.99,,Cleaning,29-05-2023
Mr Min Almond Wood Polish 300 ml,6001106224318,49.99,0.3,Cleaning,29-05-2023
OMO Colour Auto Washing Liquid 1.5 L,6001087385848,99.99,5.0,Cleaning,29-05-2023
3 in 1 Anti-Bacterial Regular Thick Bleach 750 ml,6009217630745,34.99,0.75,Cleaning,29-05-2023
W.Lab 3-in-1 Amber Blossom Fragrance Booster 275 g,6009217148059,119.99,0.28,Cleaning,29-05-2023
Ariel Downy Auto Washing Powder 3 kg,4084500833678,159.99,3.0,Cleaning,29-05-2023
Ariel Automatic Concentrated Washing Liquid 1 L,8001841965987,74.99,1.0,Cleaning,29-05-2023
Vanish Power O2 Crystal White Stain Removing Powder 400 g,6001106117849,129.99,0.4,Cleaning,29-05-2023
Finish Powerball Quantum All in 1 Max Dishwasher Tablets 50 pcs,6001106228590,259.99,,Cleaning,29-05-2023
W.Lab 3 in 1 Colours Auto Laundry Liquid 1 .5 L,6009223524526,89.99,5.0,Cleaning,29-05-2023
3-in-1 Pink Grapefruit Anti-Bacterial  Tile Cleaner Spray 750 ml,6009223524533,46.99,0.75,Cleaning,29-05-2023
Stainless Steel Clothes Pegs in Cotton Bag 21 pcs,6009223203568,139.0,,Cleaning,29-05-2023
W.Lab All in 1 Eucalyptus Fragranced Auto Dishwasher Tablets 24 pk,6009223524571,139.99,,Cleaning,29-05-2023
Earth Friendly 100 % Bamboo Swab 1 pc,6009223479413,39.99,,Cleaning,29-05-2023
Jik Clean Up Trigger Lemon 500 ml,6001106227029,48.99,0.5,Cleaning,29-05-2023
OMO Stain Removal Auto Laundry Capsules 16 pcs,6001087395977,98.99,,Cleaning,29-05-2023
Comfort Uplifting Concentrated Fabric Softener Refill 800 ml,6001087377515,47.99,0.8,Cleaning,29-05-2023
Dettol Orchard Blossom Fragranced Disinfectant Spray 400 ml,6001106228446,79.99,0.4,Cleaning,29-05-2023
Skip Anti-Ageing Auto Washing Liquid 2 L,6001087384438,139.99,2.0,Cleaning,29-05-2023
W.Lab 3 in 1 Delicate Hand and Auto Laundry Liquid 1 .5 L,6009223524519,89.99,5.0,Cleaning,29-05-2023
Sunlight Extra Nature Dishwashing Liquid Refill 750 ml,6001087385978,34.99,0.75,Cleaning,29-05-2023
Medium Rubber Gloves 1 pk,6009223617976,39.99,,Cleaning,29-05-2023
Jik Clean Up Trigger Lavender 500 ml,6001106227036,48.99,0.5,Cleaning,29-05-2023
Earth Friendly Eucalyptus and Black Pepper Surface Wipes 50 s,6009223016397,89.99,,Cleaning,29-05-2023
OMO Stain Removal  Auto Laundry Capsules 22 pcs,6001087396004,134.99,,Cleaning,29-05-2023
W.Lab 3 in 1 Lemon Auto Dishwasher Rinse Aid 400 ml,6009223524540,84.99,1.0,Cleaning,29-05-2023
Omo 3X Power Auto Laundry Capsules in Tub 588 ml,6001087377621,134.99,0.59,Cleaning,29-05-2023
Handy Andy Lemon Fresh Cream Detergent Refill 750 ml,6001087009805,27.99,0.75,Cleaning,29-05-2023
Sunlight 2 in 1 Auto Laundry Liquid 2 L,6001087384292,104.99,2.0,Cleaning,29-05-2023
W.Lab All in 1 Eucalyptus Fragranced Auto Dishwasher Tablets 56 pk,6009223524588,259.99,,Cleaning,29-05-2023
W.Lab Stainless Steel Spiral Scourers 3 pk,6009223668183,34.99,,Cleaning,29-05-2023
Sunlight Extra Anti-Bacterial Dishwashing Liquid Refill 750 ml,6001087385961,34.99,0.75,Cleaning,29-05-2023
Duck Marine Fresh Gel Discs Holder with 6 Discs 1 pk,6001298001025,54.99,,Cleaning,29-05-2023
Handy Andy Potpourri Cream Detergent Refill 750 ml,6001087009782,27.99,0.75,Cleaning,29-05-2023
W.Lab 3-in-1 Sea Breeze Fragrance Booster 275 g,6009217148042,119.99,0.28,Cleaning,29-05-2023
3 in 1 Fresh Mint All Purpose Cream Cleaner 750 ml,6009217629091,34.99,0.75,Cleaning,29-05-2023
Ariel Anti-Germ Automatic Washing Powder 2 kg,8006540179468,114.99,2.0,Cleaning,29-05-2023
Earth Friendly 100 % Bamboo Dish Cloth 1 pc,6009223479420,82.99,,Cleaning,29-05-2023
Full Circle Be Good Dish Brush,810119021809,99.99,,Cleaning,29-05-2023
Silicone Bristle Glove 1 pair,6009223668176,99.99,,Cleaning,29-05-2023
OMO Auto Washing Powder with Hygiene 2 kg,6001087388979,98.99,2.0,Cleaning,29-05-2023
Duck Active Clean Citrus Rimblock 35 g,6001298001766,39.99,0.04,Cleaning,29-05-2023
Ocean Mist 3 in 1 All Purpose Cream Cleaner 750 ml,6009217629084,34.99,0.75,Cleaning,29-05-2023
Comfort Morning Fresh Concentrated Fabric Softener Refill 800 ml,6001087352499,47.99,0.8,Cleaning,29-05-2023
Earth Friendly Multipurpose Plastic Free Cloth 5 pcs,6009223479482,39.99,,Cleaning,29-05-2023
Earth Friendly Bio Kitchen Scrubber 1 pk,6009223479499,29.99,,Cleaning,29-05-2023
